{
  "p4_src": "p4src/fast_reroute.p4",
  "cli": true,
  "pcap_dump": false,
  "enable_log": false,
  "topology": {
    "assignment_strategy": "l3",
    "links": [["h1", "s1"], ["h2", "s2"], ["h3", "s3"], ["h4", "s4"], ["s1", "s2", {"weight": 1}], ["s2", "s3", {"weight": 1}], ["s3", "s4", {"weight": 5}], ["s4", "s1", {"weight": 1}], ["s1", "s3", {"weight": 10}], ["s2", "s4", {"weight": 10}]],
    "hosts": {
      "h1": {
      },
      "h2": {
      },
      "h3": {
      },
      "h4": {
      }
    },
    "switches": {
      "s1": {
        "cpu_port" : true
      },
      "s2": {
        "cpu_port" : true
      },
      "s3": {
        "cpu_port" : true
      },
      "s4": {
        "cpu_port" : true
      } 
    }
  }
}
