{
  "p4_src": "rsvp.p4",
  "cli": true,
  "pcap_dump": false,
  "enable_log": true,
  "topology": {
    "assignment_strategy": "l3",
    "default": {
      "bw": 10
    }, 
    "links": [["h1", "s1"],
              ["h2", "s1"],
              ["s1", "s2"],
              ["s1", "s3"],
              ["s2", "s4"],
              ["s3", "s4"],
              ["s2", "s5"],
              ["s3", "s6"],
              ["s4", "s5"],
              ["s4", "s6"],
              ["s5", "s7"],
              ["s6", "s7"],
              ["s7", "h5"],
              ["s7", "h6"],
              ["h3", "s3"],
              ["h4", "s5"]
            ],
    "hosts": {
      "h1": {
      },
      "h2": {
      },
      "h3": {
      },
      "h4": {
      },
      "h5": {
      },
      "h6": {
      }
    },
    "switches": {
      "s1": {
      },
      "s2": {
      },
      "s3": {
      },
      "s4": {
      },
      "s5": {
      },
      "s6": {
      },
      "s7": {
      }
    }
  }
}
